{
  "procedure_name": "Task 36 Population Geometry Audit",
  "non_interpretation_clause": "This procedure is exploratory and descriptive. It produces structural representations only and does not imply interpretation, inference, or evaluation.",
  "density": {
    "hopkins": 0.5145581266870063
  },
  "clustering": {
    "hdbscan": {
      "n_clusters": 4,
      "silhouette": 0.024618581956515957
    },
    "metrics": {
      "kmeans": {
        "silhouette": [
          0.25115166612692313,
          0.25206188085363695,
          0.2861720349336516,
          0.28493154780483726,
          0.29406259058402723,
          0.2923014546148429,
          0.2848418450880315
        ],
        "ch": [
          352.3617106364409,
          356.70465875304427,
          398.1970966233998,
          402.26824243275814,
          419.84053554008,
          426.475379195237,
          438.62378053227945
        ],
        "db": [
          1.60454877000984,
          1.288137486366593,
          1.120272118466907,
          1.0336814221267314,
          0.9620203540097835,
          0.9660136366677117,
          0.9740530298031191
        ]
      },
      "gmm": {
        "silhouette": [
          0.24153051210581708,
          0.23249611870116946,
          0.2227274100231146,
          0.2573362574385269,
          0.2659592609674567,
          0.28302582561623557,
          0.18979686460826645
        ],
        "ch": [
          325.26040722169756,
          324.9930216580589,
          316.45828026129544,
          369.34699669640406,
          373.61352339530396,
          410.5058971464571,
          271.269819425775
        ],
        "db": [
          1.665597309166528,
          1.3806063668079407,
          1.213787367920661,
          1.0719630511343141,
          1.097727696820055,
          0.9913897206638964,
          1.158503695825965
        ],
        "bic": [
          11820.397062101862,
          11777.665809443582,
          11735.214228029503,
          11759.079770375334,
          11760.852465406626,
          11808.543304697632,
          11738.419189321223
        ]
      },
      "ward": {
        "silhouette": [
          0.23159807309322225,
          0.2093044636807103,
          0.2042123273409374,
          0.22199521198391853,
          0.23045652796149727,
          0.2265163892482579,
          0.2175211617852247
        ],
        "ch": [
          315.87208848830755,
          296.98453801493537,
          294.8383202754992,
          319.4227325541994,
          332.6666558070642,
          342.84838866511393,
          340.7040471556007
        ],
        "db": [
          1.6501742236930512,
          1.478304180770319,
          1.2374317378173694,
          1.2468202154708923,
          1.1523493497765342,
          1.1170842005480324,
          1.0834940204512256
        ]
      }
    }
  },
  "topology": {
    "mst_mean": 0.3932584319048891,
    "mst_std": 0.13273659533592097
  },
  "gap": {
    "scores": [
      -0.02144399831124666,
      -0.0187397938035474,
      -0.03014174289360838,
      -0.005147390886715897,
      -0.007219678390827156,
      -0.015777534298242912,
      -0.028467164679516266,
      -0.014994380870099633
    ],
    "optimal_k": 4
  },
  "conclusion": "CONTINUUM"
}