{
  "procedure_name": "Task 36 Population Geometry Audit",
  "non_interpretation_clause": "This procedure is exploratory and descriptive. It produces structural representations only and does not imply interpretation, inference, or evaluation.",
  "density": {
    "hopkins": 0.9908418588369405
  },
  "clustering": {
    "hdbscan": {
      "n_clusters": 2,
      "silhouette": 0.4458051454178443
    },
    "metrics": {
      "kmeans": {
        "silhouette": [
          0.3702887475746578,
          0.32456397237447226,
          0.2775771331776519,
          0.2840107926865045,
          0.26907746039436503,
          0.2400145464220617,
          0.23942601391233165
        ],
        "ch": [
          626.4899208735918,
          551.3050261101669,
          526.016591561984,
          504.9354744204886,
          502.78862785550655,
          489.5094580456591,
          472.9126297181893
        ],
        "db": [
          1.1918963706302241,
          1.1526751094023346,
          1.1106445962556335,
          0.9936154865937757,
          0.9674609154639251,
          1.0187830981249062,
          1.0541321902933043
        ]
      },
      "gmm": {
        "silhouette": [
          0.48625166956180416,
          0.2896251785767041,
          0.2578079604368177,
          0.25158301212938244,
          0.2114344939435283,
          0.1811956776096711,
          0.22402996422483362
        ],
        "ch": [
          245.16982071195864,
          270.5770361303841,
          268.09818718405387,
          275.8305826726096,
          236.38197905933137,
          234.1766498684663,
          278.46264022625604
        ],
        "db": [
          1.9356481553898293,
          2.121700673917624,
          1.8322143253389136,
          1.6230483941200522,
          2.308918640262788,
          1.8047708377282352,
          1.599768610613077
        ],
        "bic": [
          11305.837954606137,
          11143.482222140185,
          11193.479815706472,
          11174.75625011656,
          11194.335414480885,
          11244.290639077759,
          11296.822846236006
        ]
      },
      "ward": {
        "silhouette": [
          0.363152445931801,
          0.36203117174773375,
          0.3503318892166381,
          0.3033035354272381,
          0.21443189762114334,
          0.1772788585755288,
          0.18282152549417863
        ],
        "ch": [
          575.9815089060766,
          430.6525921915753,
          400.6005811254233,
          399.45753477349325,
          422.9163000348154,
          416.0037698184976,
          407.88686831570334
        ],
        "db": [
          1.232096988523824,
          0.9254917125628209,
          0.9369810963574178,
          0.9913528393551175,
          1.0507305466625152,
          1.1695917388271797,
          1.1550904742151347
        ]
      }
    }
  },
  "topology": {
    "mst_mean": 0.25360179537793404,
    "mst_std": 0.49837561546462694
  },
  "gap": {
    "scores": [
      3.313422966364117,
      3.1418081301048986,
      2.9711683539968146,
      2.7653871234013057,
      2.730906841486699,
      2.7160134688582467,
      2.688421892853686,
      2.662335514790988
    ],
    "optimal_k": 1
  },
  "conclusion": "WEAK CLUSTER TENDENCY"
}