{
  "procedure_name": "Task 36 Population Geometry Audit",
  "non_interpretation_clause": "This procedure is exploratory and descriptive. It produces structural representations only and does not imply interpretation, inference, or evaluation.",
  "density": {
    "hopkins": 0.9938540745941622
  },
  "clustering": {
    "hdbscan": {
      "n_clusters": 3,
      "silhouette": 0.7394468008296211
    },
    "metrics": {
      "kmeans": {
        "silhouette": [
          0.5261305752294955,
          0.7398139526000922,
          0.571233499396058,
          0.40135757221019974,
          0.23052101758655913,
          0.23145732960283294,
          0.23233139538509068
        ],
        "ch": [
          979.3685709826541,
          4681.136229164924,
          3438.6117270701475,
          2829.0433402033477,
          2520.885170358152,
          2270.628989958284,
          2105.3471547543
        ],
        "db": [
          0.7474110714867974,
          0.36367311553727005,
          0.9854864296777697,
          1.3675223309175053,
          1.6165413553890382,
          1.49404882406083,
          1.4126696499949931
        ]
      },
      "gmm": {
        "silhouette": [
          0.5258060129251299,
          0.7398139526000922,
          0.568871463618292,
          0.39978401106441297,
          0.2266034908337184,
          0.21906799937892785,
          0.22384558029665555
        ],
        "ch": [
          971.2962747219417,
          4681.136229164924,
          3420.5914819527584,
          2820.1089548736977,
          2498.335859697732,
          2181.7666515145734,
          2046.8820498581829
        ],
        "db": [
          0.742978418776643,
          0.36367311553727005,
          1.003457106291953,
          1.3704876411836968,
          1.6292118014885666,
          1.553617558448206,
          1.478566716944237
        ],
        "bic": [
          9185.798338001941,
          8156.153665725903,
          8214.404423360957,
          8277.56611628559,
          8339.900240804773,
          8395.543027197617,
          8454.996258904588
        ]
      },
      "ward": {
        "silhouette": [
          0.5261305752294955,
          0.7398139526000922,
          0.5573677320931013,
          0.37802400581682194,
          0.19273424528584665,
          0.19363635843085597,
          0.1893823011375195
        ],
        "ch": [
          979.3685709826541,
          4681.136229164924,
          3368.5497034876985,
          2739.7267185197184,
          2369.4138789900535,
          2112.04101688965,
          1915.8644584295962
        ],
        "db": [
          0.7474110714867974,
          0.36367311553727005,
          1.0465507762619024,
          1.4616871819669235,
          1.788683976042874,
          1.6992594485211054,
          1.5923331293849232
        ]
      }
    }
  },
  "topology": {
    "mst_mean": 0.25889020275995694,
    "mst_std": 0.1594142463699246
  },
  "gap": {
    "scores": [
      0.29922602188390535,
      0.5347240565083897,
      1.9033995079012431,
      1.7446045223946065,
      1.710219761743729,
      1.700414816917946,
      1.6646605805856671,
      1.6393572967631158
    ],
    "optimal_k": 3
  },
  "conclusion": "STABLE DISCRETE TYPES"
}