component,trend_spearman_rho,trend_pval,series_start_delta_ms,series_end_delta_ms
Delta V4 (Color),0.22320911788944622,0.19067953368486631,74.0,122.0
Delta V5/MT (Shift),-0.0695293961029951,0.6869910660890588,130.0,148.5
