,n,lm_statistic,p_value,heteroscedastic,abs_resid_correlation,abs_resid_p_value
delta_v4_left,1482,178.41910958962876,0.0,True,0.4122937092469291,6.6570099407278975e-62
delta_v4_right,1482,87.73743763280422,0.0,True,0.411425020424672,1.2622015042119986e-61
delta_v5_left,1482,213.7748837871609,0.0,True,0.355225382728513,2.5979198028193752e-45
delta_v5_right,1482,75.70012401730364,0.0,True,0.3052875646288964,2.4409736515211886e-33
