Delta V4 (Color),Delta V5/MT (Shift)
1.0,0.33895683471224997
0.33895683471224997,1.0
