component,spearman_delta_psi_curr,spearman_delta_psi_prev
Delta V4 (Color),-0.27990384169620813,0.07777652810302638
Delta V5/MT (Shift),-0.18440070551158116,0.09002333918865492
