stim_pos,degradation_spearman_rho
left,-0.28126561056956245
center,-0.2634182625225968
right,-0.15745237883100302
