component,tau,mu
Delta V4 (Color),53.9704041896512,62.655431657667805
Delta V5/MT (Shift),72.33531254659549,71.33192506745537
