component,mean,std
Delta V4 (Color),-11.824658378864134,65.77858571333016
Delta V5/MT (Shift),11.896651340372383,82.86576036380501
