component,lag_1_spearman,lag_2_spearman
Delta V4 (Color),0.2918962688425986,0.32965017783422734
Delta V5/MT (Shift),0.3488301603465746,0.3875569983723597
